id,photo,report_id,hide,uuid,questions,answers
858,tigapics/2f4d4446-80a5-4fad-abff-35de1254e971.jpg,7e7f7d9a-90f1-4958-8216-d591ae723e91,f,d1bbf374-4be1-4af0-ad6d-91644e163cc3,https://raw.githubusercontent.com/dani-guerrero/data/main/questions_001.json,https://raw.githubusercontent.com/dani-guerrero/data/main/answers_001.json
859,tigapics/babca021-f92f-4b42-9ff3-8ef02a21958c.jpg,f2064195-706e-41bc-aacb-f70dc5bb92cd,f,52597e44-702b-4872-94da-c28a9afee074,https://raw.githubusercontent.com/dani-guerrero/data/main/questions_001.json,https://raw.githubusercontent.com/dani-guerrero/data/main/answers_001.json
860,tigapics/2d037a6f-f50d-41d2-88f1-a44f3c167200.jpg,0b0c4e9b-1e67-4eec-9447-d669175cd657,f,631e1643-ebd7-4d09-85b3-9384d2643fed,https://raw.githubusercontent.com/dani-guerrero/data/main/questions_001.json,https://raw.githubusercontent.com/dani-guerrero/data/main/answers_001.json
861,tigapics/272f21f6-615f-48d0-93b2-6a6261bded7b.jpg,aa449478-9495-4b71-9f53-d32c7b2965dd,f,73ef7e35-db72-4f15-921c-5d943dcd4b48,https://raw.githubusercontent.com/dani-guerrero/data/main/questions_001.json,https://raw.githubusercontent.com/dani-guerrero/data/main/answers_001.json
862,tigapics/a8e4b32e-56e0-445f-aa4c-de829ff6880b.jpg,aa449478-9495-4b71-9f53-d32c7b2965dd,f,142be308-7302-4e46-b8f0-e0e344569c54,https://raw.githubusercontent.com/dani-guerrero/data/main/questions_001.json,https://raw.githubusercontent.com/dani-guerrero/data/main/answers_001.json
863,tigapics/95f0d498-a938-4b17-be96-b61ec592c6f2.jpg,7605a316-c3f9-4710-a2ae-7096745fcaa8,f,605627aa-223b-42e0-a600-53b02349365f,https://raw.githubusercontent.com/dani-guerrero/data/main/questions_001.json,https://raw.githubusercontent.com/dani-guerrero/data/main/answers_001.json
864,tigapics/34faa6db-7805-4781-a1f0-88b034dd0a1b.jpg,cb6c12af-3450-4bbb-9359-924d2a5d0a87,f,21dffcfc-4b15-425a-a271-f67d6fd7e109,https://raw.githubusercontent.com/dani-guerrero/data/main/questions_001.json,https://raw.githubusercontent.com/dani-guerrero/data/main/answers_001.json
865,tigapics/d73ff602-d127-41ee-9c6b-8244bb250f2d.jpg,def34999-2341-46df-8826-d82ae10b79cc,f,25fa1714-250f-47d7-a64f-34975ebc1cd4,https://raw.githubusercontent.com/dani-guerrero/data/main/questions_001.json,https://raw.githubusercontent.com/dani-guerrero/data/main/answers_001.json
866,tigapics/c352e4fb-99b2-419f-984e-c5e856d0b8d0.jpg,a0e5523a-b17a-4c90-9de6-b272e1cf96d5,f,7b3b558c-226c-499f-98d9-57a55a6c9159,https://raw.githubusercontent.com/dani-guerrero/data/main/questions_001.json,https://raw.githubusercontent.com/dani-guerrero/data/main/answers_001.json
867,tigapics/83690f0d-a7af-4e1b-86c1-63d9f68d29af.jpg,d61ba27e-19c5-451d-bbd6-a333ec551c99,f,a9afaf45-1c78-4554-bb69-7bb053c04bce,https://raw.githubusercontent.com/dani-guerrero/data/main/questions_001.json,https://raw.githubusercontent.com/dani-guerrero/data/main/answers_001.json
